2009-推研资料.docx	2009-推研资料.docx.txt	19102
2012-留下面经，造福众生-孟越.pdf	2012-留下面经，造福众生-孟越.pdf.txt	4645
2012-罗华&周宇男面经.pdf	2012-罗华&周宇男面经.pdf.txt	3782
2012-记我的推研逆袭-贾殷秋.pdf	2012-记我的推研逆袭-贾殷秋.pdf.txt	4730
2012-面经_九字班1.pdf	2012-面经_九字班1.pdf.txt	19470
2012-面经_九字班2.pdf	2012-面经_九字班2.pdf.txt	5729
2013-据说留下面经可以攒人品-戴国浩.pdf	2013-据说留下面经可以攒人品-戴国浩.pdf.txt	5074
2013-推研那点儿事（上）-魏特.pdf	2013-推研那点儿事（上）-魏特.pdf.txt	4415
2013-推研那点儿事（下）-魏特.pdf	2013-推研那点儿事（下）-魏特.pdf.txt	3544
2013-趁没忘记题目-谷梦媛.pdf	2013-趁没忘记题目-谷梦媛.pdf.txt	2172
2013-面经_零字班.pdf	2013-面经_零字班.pdf.txt	18916
2013-面试经历小结-黄博.pdf	2013-面试经历小结-黄博.pdf.txt	4426
2014-一字班推研那点事儿（1）-宗泽宇.pdf	2014-一字班推研那点事儿（1）-宗泽宇.pdf.txt	3886
2014-一字班推研那点事儿（2）-宗泽宇.pdf	2014-一字班推研那点事儿（2）-宗泽宇.pdf.txt	4210
2014-一字班推研那点事儿（3）-宗泽宇.pdf	2014-一字班推研那点事儿（3）-宗泽宇.pdf.txt	4374
2014-记一次人品大爆发-郭开元.pdf	2014-记一次人品大爆发-郭开元.pdf.txt	3870
2014-面经_二字班.pdf	2014-面经_二字班.pdf.txt	6273
2016-推研面试经验分享_胡雨婷.pptx	2016-推研面试经验分享_胡雨婷.pptx.txt	732
2016-记一次推研-三字班.docx	2016-记一次推研-三字班.docx.txt	5001
2017-面试复习方法-陈誉博.pptx	2017-面试复习方法-陈誉博.pptx.txt	1433
2017-面试经验-陈誉博.docx	2017-面试经验-陈誉博.docx.txt	3352
2018_面试整体情况.docx	2018_面试整体情况.docx.txt	2231
2019-推研面经-1.docx	2019-推研面经-1.docx.txt	644
2019-推研面经-2.docx	2019-推研面经-2.docx.txt	1157
2019-推研面经-3.docx	2019-推研面经-3.docx.txt	321
2019-推研面经-4.docx	2019-推研面经-4.docx.txt	1046
2019-推研面经-5.docx	2019-推研面经-5.docx.txt	270
2019-电子系推研面试总体情况.docx	2019-电子系推研面试总体情况.docx.txt	700
2020-七字班推研面经-1.docx	2020-七字班推研面经-1.docx.txt	526
2020-七字班推研面经-2.docx	2020-七字班推研面经-2.docx.txt	521
2020-七字班推研面经-3.docx	2020-七字班推研面经-3.docx.txt	203
2020-七字班推研面经-曾锦薇.pdf	2020-七字班推研面经-曾锦薇.pdf.txt	2027
2020-七字班推研面经-潘美竹.docx	2020-七字班推研面经-潘美竹.docx.txt	1805
2020-七字班推研面经-荆峥.pdf	2020-七字班推研面经-荆峥.pdf.txt	982
2020-七字班推研面经-闫雯荻.docx	2020-七字班推研面经-闫雯荻.docx.txt	1609
2021-八字班推研面经-涂晨昕.docx	2021-八字班推研面经-涂晨昕.docx.txt	1329
2021-八字班推研面经-贾文彬.docx	2021-八字班推研面经-贾文彬.docx.txt	832
2022-九字班九字班推研面经-2.docx	2022-九字班九字班推研面经-2.docx.txt	607
2022-九字班推研面经-1.docx	2022-九字班推研面经-1.docx.txt	736
2022推研面经-wcyh.docx	2022推研面经-wcyh.docx.txt	2134
2022面试问题_sy.docx	2022面试问题_sy.docx.txt	363
2023-0字班推研面经-1.pdf	2023-0字班推研面经-1.pdf.txt	1803
2023-0字班推研面经-李响.pdf	2023-0字班推研面经-李响.pdf.txt	1183
2024-一字班推研面经-lym.pdf	2024-一字班推研面经-lym.pdf.txt	2672
2024-一字班推研面经-yj自行整理.zip::面经-yj自行整理/文件清单.txt	2024-一字班推研面经-yj自行整理.zip_面经-yj自行整理_文件清单.txt.txt	308
2024-一字班推研面经-yj自行整理.zip::面经-yj自行整理/markdown/问题answer2.md	2024-一字班推研面经-yj自行整理.zip_面经-yj自行整理_markdown_问题answer2.md.txt	20943
2024-一字班推研面经-yj自行整理.zip::面经-yj自行整理/markdown/问题answer.md	2024-一字班推研面经-yj自行整理.zip_面经-yj自行整理_markdown_问题answer.md.txt	34986
2024-一字班推研面经-yj自行整理.zip::面经-yj自行整理/markdown/核心课复习.md	2024-一字班推研面经-yj自行整理.zip_面经-yj自行整理_markdown_核心课复习.md.txt	121849
2024-一字班推研面经-yj自行整理.zip::面经-yj自行整理/markdown/推研面经2024.md	2024-一字班推研面经-yj自行整理.zip_面经-yj自行整理_markdown_推研面经2024.md.txt	3366
2024-一字班推研面经-zcy.docx	2024-一字班推研面经-zcy.docx.txt	5238
2024-一字班推研面经-吴凌沨.pdf	2024-一字班推研面经-吴凌沨.pdf.txt	683
2024-一字班推研面经-李羿璇.pdf	2024-一字班推研面经-李羿璇.pdf.txt	1397
2024-一字班推研面经-高思研.pdf	2024-一字班推研面经-高思研.pdf.txt	1174
2024-一字班推研面经_高希钢.docx	2024-一字班推研面经_高希钢.docx.txt	4304
2025-二字班推研面经-ljh.docx	2025-二字班推研面经-ljh.docx.txt	1607
2025-二字班推研面经-wj.pdf	2025-二字班推研面经-wj.pdf.txt	4695
